team_name,player_name,access_code
Alice’s Angels,Alice Teigh,2650
Barker's Ballerz,Hannah Elizabeth Barker,1768
bend it like blackstenius ,Jessica Luxford,2724
Beth's Booming Army!,Beth Lewis,7638
Chelsea Dagger,Tom Knuckey,9736
Five Star WFC,Ian Lewis,6119
Kcc me rollin',Megan Luxford,7947
Mama's Angels,Janine Lewis,6823
samuelowenlewis@gmail.com,Samuel Lewis,2689
Shawshank Redemption,Holly Tidball,7007
Simon’s Goal Diggers,Simon Watson,3426
Sophie Lewis FC,Sophie Lewis,8617
The Mead for Speed ,Amy Kanold-Madla,3582
UpTheImps,Paddy Smith,7392
