player_id,full_name,team,num_picks,goals,name,team_name
WSL_0233,Lauren Hemp,Manchester City,1,4,Samuel Lewis,samuelowenlewis@gmail.com
WSL_0069,Kiko Seike,Brighton and Hove Albion,1,3,Tom Knuckey,Chelsea Dagger
WSL_0289,Olivia Holdt,Tottenham Hotspur,1,3,Holly Tidball,Shawshank Redemption
WSL_0205,Daniëlle van de Donk,London City Lionesses,1,3,Megan Luxford,Kcc me rollin'
WSL_0214,Isobel Goodwin,London City Lionesses,1,2,Sophie Lewis,Sophie Lewis FC
WSL_0095,Jodie Hutton,Charlton Athletic,1,1,Samuel Lewis,samuelowenlewis@gmail.com
WSL_0118,Lucy Bronze,Chelsea,1,1,Simon Watson,Simon’s Goal Diggers
WSL_0070,Fran Kirby,Brighton and Hove Albion,1,1,Simon Watson,Simon’s Goal Diggers
WSL_0238,Kerstin Casparij,Manchester City,1,1,Jessica Luxford ,bend it like blackstenius 
WSL_0353,Lisa Baum,Arsenal,1,1,Paddy Smith,UpTheImps
