player_id,goals,full_name
WSL_0055,4,Océane Hurtré
WSL_0231,4,Khadija Shaw
WSL_0308,4,Victoria Pelova
WSL_0289,3,Olivia Holdt
WSL_0320,3,Viviane Asseyi
WSL_0177,2,Cornelia Kapocs
WSL_0174,2,Grace Fisk
WSL_0110,2,Lauren James
WSL_0205,2,Daniëlle van de Donk
WSL_0230,2,Mary Fowler
WSL_0214,2,Isobel Goodwin
WSL_0233,2,Lauren Hemp
WSL_0358,2,Lexi Lloyd-Smith
WSL_0337,2,Vivien Endemann
WSL_0306,2,Kirsty Hanson
WSL_0069,1,Kiko Seike
WSL_0180,1,Beata Olsson
WSL_0122,1,Lexi Potter
WSL_0118,1,Lucy Bronze
WSL_0121,1,Keira Walsh
WSL_0111,1,Alyssa Thompson
WSL_0095,1,Jodie Hutton
WSL_0104,1,Ellie Carpenter
WSL_0107,1,Sjoeke Nüsken
WSL_0052,1,Lily Crosthwaite
WSL_0025,1,Lynn Wilms
WSL_0009,1,Smilla Holmberg
WSL_0226,1,Jade Rose
WSL_0227,1,Alex Greenwood
WSL_0202,1,Lucía Corrales
WSL_0192,1,Alice Bergström
WSL_0193,1,Aurélie Csillag
WSL_0285,1,Amanda Nildén
WSL_0274,1,Julia Zigiotti Olme
WSL_0269,1,Simi Awujo
WSL_0266,1,Elisabeth Terland
WSL_0265,1,Melvine Malard
WSL_0197,1,Jana Fernández
WSL_0305,1,Caitlin Dijkstra
WSL_0296,1,Cathinka Tandberg
WSL_0307,1,Shekiera Martinez
WSL_0287,1,Signe Gaupset
WSL_0340,1,Amalie Vangsgaard
WSL_0339,1,Andrea Medina
WSL_0341,1,Nicole Anyomi
WSL_0349,1,Alexia Putellas
WSL_0353,1,Lisa Baum
WSL_0355,1,Bethany England
