index,player_id,full_name,team,num_picks
22,WSL_0231,Khadija Shaw,Manchester City,9
31,WSL_0306,Kirsty Hanson,Tottenham Hotspur,5
5,WSL_0018,Alessia Russo,Arsenal,4
34,WSL_0344,Georgia Stanway,Arsenal,4
38,WSL_0356,Kadidiatou Diani,London City Lionesses,3
1,WSL_0011,Mariona Caldentey,Arsenal,2
3,WSL_0015,Olivia Smith,Arsenal,2
23,WSL_0232,Vivianne Miedema,Manchester City,2
28,WSL_0264,Jess Park,Manchester United,2
29,WSL_0266,Elisabeth Terland,Manchester United,2
36,WSL_0349,Alexia Putellas,London City Lionesses,2
33,WSL_0341,Nicole Anyomi,London City Lionesses,2
19,WSL_0208,Freya Godfrey,London City Lionesses,2
15,WSL_0180,Beata Olsson,Liverpool,2
12,WSL_0111,Alyssa Thompson,Chelsea,2
0,WSL_0006,Katie McCabe,Chelsea,1
7,WSL_0020,Michelle Agyemang,Arsenal,1
6,WSL_0019,Stina Blackstenius,Arsenal,1
4,WSL_0016,Chloe Kelly,Arsenal,1
2,WSL_0012,Kim Little,Arsenal,1
14,WSL_0123,Aggie Beever-Jones,Chelsea,1
11,WSL_0095,Jodie Hutton,Charlton Athletic,1
8,WSL_0038,Rachel Daly,Aston Villa,1
9,WSL_0069,Kiko Seike,Brighton and Hove Albion,1
20,WSL_0210,Nikita Parris,London City Lionesses,1
21,WSL_0214,Isobel Goodwin,London City Lionesses,1
17,WSL_0185,Jenna Clark,Liverpool,1
18,WSL_0205,Daniëlle van de Donk,London City Lionesses,1
16,WSL_0181,Mia Enderby,Liverpool,1
10,WSL_0070,Fran Kirby,Brighton and Hove Albion,1
13,WSL_0118,Lucy Bronze,Chelsea,1
24,WSL_0233,Lauren Hemp,Manchester City,1
30,WSL_0289,Olivia Holdt,Tottenham Hotspur,1
25,WSL_0238,Kerstin Casparij,Manchester City,1
26,WSL_0242,Iman Beney,Manchester City,1
27,WSL_0263,Ella Toone,Manchester United,1
35,WSL_0348,Selina Cerci,Arsenal,1
32,WSL_0338,Nadia Krezyman,Brighton and Hove Albion,1
37,WSL_0353,Lisa Baum,Arsenal,1
39,WSL_0366,Holly McNamara,Everton,1
