name,team_name,goals
Samuel Lewis,samuelowenlewis@gmail.com,5.0
Holly Tidball,Shawshank Redemption,4.46
Tom Knuckey,Chelsea Dagger,4.46
Megan Luxford,Kcc me rollin',4.06
Ian Lewis,Five Star WFC,3.06
Sophie Lewis,Sophie Lewis FC,2.9
Paddy Smith,UpTheImps,2.72
Alice Teigh,Alice’s Angels,2.56
Simon Watson,Simon’s Goal Diggers,2.0
Beth Lewis,Beth's Booming Army!,1.62
Janine Lewis,Mama's Angels,1.62
Jessica Luxford ,bend it like blackstenius ,1.0
Amy Kanold-Madla,The Mead for Speed ,0.56
Hannah Elizabeth Barker,Barker's Ballerz,0.0
